{"cameraMode":{"drawMode":0,"name":"Shaded","section":"Shading Mode"},"sceneLighting":false,"audioPlay":false,"sceneViewState":{"m_AlwaysRefresh":false,"showFog":true,"showSkybox":false,"showFlares":true,"showImageEffects":true,"showParticleSystems":true,"showVisualEffectGraphs":true,"m_FxEnabled":true},"in2DMode":false,"pivot":{"x":0.24000072479248048,"y":6.310000419616699,"z":2.680000066757202},"rotation":{"x":-0.17581483721733094,"y":-0.2160128355026245,"z":0.03956495597958565,"w":-0.9596344828605652},"size":0.8660253882408142,"orthographic":true}